anio;mes;semana;dia;hora;subestacion;causa;subcausa;tipodispositivo;afectados
2017;5;20;5;13;27;11;14;6;3630
2017;5;20;5;15;27;11;14;6;3630
2017;5;21;2;13;7;11;14;6;45831
2017;5;21;2;13;18;11;14;6;2204
2017;5;21;2;15;2;3;13;6;68108
2017;5;21;3;20;15;14;18;6;1782
2017;5;21;5;14;15;10;14;6;1782
2017;5;21;6;16;6;10;33;6;4
2017;5;21;6;16;27;11;14;6;15
2017;5;22;1;20;22;10;14;6;3315
2017;5;22;4;13;16;1;4;6;2591
2017;5;22;6;12;16;14;18;6;2591
2017;5;22;7;11;16;10;14;6;2591
2017;5;22;7;11;27;10;14;6;3630
2017;5;22;7;11;27;14;24;6;3650
2017;5;23;2;11;24;10;14;6;2426
2017;5;23;2;15;16;11;14;6;2591
2017;5;23;2;16;16;11;14;6;15257
2017;5;23;2;18;25;14;24;6;2959
2017;6;23;5;14;25;10;14;6;2738
2017;6;23;6;14;22;11;14;6;3315
2017;6;23;6;15;13;11;14;6;846
2017;6;23;6;17;9;1;3;6;4922
2017;6;24;1;14;7;5;14;6;11142
2017;6;24;1;14;8;5;14;6;2240
2017;6;24;1;14;11;5;14;6;7555
2017;6;24;1;14;12;5;14;6;3891
2017;6;24;1;14;13;5;14;6;2544
2017;6;24;1;14;17;5;14;6;1144
2017;6;24;1;14;18;5;14;6;13124
2017;6;24;1;14;21;5;14;6;3605
2017;6;24;1;14;22;5;14;6;1430
2017;6;24;1;14;22;11;14;6;4107
2017;6;24;1;14;24;5;14;6;2654
2017;6;24;1;14;27;5;14;6;6550
2017;6;24;2;13;13;11;14;6;2448
2017;6;24;3;11;16;11;14;6;2591
2017;6;24;3;14;1;11;14;6;10917
2017;6;24;3;14;16;11;14;6;2591
2017;6;24;3;14;25;11;14;6;2738
2017;6;24;3;15;16;11;14;6;2989
2017;6;24;4;16;16;11;14;6;2684
2017;6;24;5;11;27;11;14;6;15
2017;6;25;1;15;6;13;28;6;4
2017;6;25;1;19;12;10;14;6;585
2017;6;25;1;20;22;10;14;6;1430
2017;6;25;7;11;18;5;14;6;3654
2017;6;25;7;11;18;10;14;6;2900
2017;6;26;1;14;24;10;14;6;2426
2017;6;26;1;15;16;10;14;6;2989
2017;6;26;3;11;6;10;14;6;5419
2017;6;26;4;12;15;11;14;6;1647
2017;6;26;7;15;16;11;14;6;2988
2017;6;27;1;12;24;10;14;6;2451
2017;6;27;1;13;16;10;14;6;2690
2017;6;27;1;14;16;10;14;6;2988
2017;6;27;3;11;16;10;14;6;20496
2017;6;27;4;16;25;10;14;6;2972
2017;7;28;3;11;16;10;14;6;2988
2017;7;28;4;14;11;10;14;6;4268
2017;7;28;4;14;11;14;43;6;8098
2017;7;28;4;15;27;11;14;6;3638
2017;7;28;5;13;16;10;14;6;7007
2017;7;28;5;17;22;11;14;6;1436
2017;7;28;6;14;27;11;14;6;3638
2017;7;28;7;13;27;11;14;6;3638
2017;7;29;1;14;24;14;18;6;8983
2017;7;29;2;12;9;11;14;6;4951
2017;7;29;2;13;11;14;18;6;4268
2017;7;29;2;20;15;11;14;6;372
2017;7;29;3;12;5;14;43;6;3797
2017;7;29;3;13;17;10;14;6;372
2017;7;29;3;18;21;11;14;6;4252
2017;7;30;1;11;9;11;14;6;3958
2017;7;30;1;19;15;11;14;6;1786
2017;7;30;3;13;18;11;14;6;935
2017;7;30;5;20;12;14;18;6;583
2017;7;30;7;14;24;3;46;6;2963
2017;7;31;4;12;16;11;14;6;5245
2017;7;31;4;13;6;11;14;6;21
2017;7;31;4;13;16;11;14;6;5245
2017;8;32;2;15;11;3;46;6;4274
2017;8;32;4;16;24;11;14;6;9041
2017;8;32;6;19;17;14;43;6;2715
2017;8;33;1;11;16;10;14;6;3071
2017;8;33;3;15;22;1;29;6;1440
2017;8;33;4;16;6;11;14;6;5
2017;8;33;5;18;16;10;14;6;3071
2017;8;33;7;11;6;10;14;6;3728
2017;8;34;3;12;24;1;7;6;9041
2017;8;34;3;12;24;10;14;6;9041
2017;8;34;5;13;25;11;14;6;2980
2017;8;34;5;15;24;11;14;6;2474
2017;8;34;6;16;11;10;14;6;4274
2017;8;34;6;18;15;3;26;6;1651
2017;8;34;7;15;23;10;14;6;4838
2017;8;34;7;16;24;10;14;6;231
2017;8;35;2;14;6;14;24;6;3681
2017;8;35;2;14;15;11;14;6;1792
2017;8;35;4;14;24;1;3;6;14709
2017;8;35;4;20;13;11;14;6;1719
2017;8;36;2;17;11;14;18;6;4818
2017;9;36;6;13;6;11;14;6;3647
2017;9;36;7;11;9;13;28;6;5127
2017;9;37;1;12;6;14;18;6;3647
2017;9;37;1;17;18;11;14;6;936
2017;9;37;2;11;7;11;14;6;2886
2017;9;37;3;17;20;11;14;6;4251
2017;9;37;5;12;7;11;14;6;2886
2017;9;37;6;12;16;11;14;6;20681
2017;9;38;1;15;16;11;14;6;2593
2017;9;38;1;20;6;14;18;6;3655
2017;9;38;3;13;24;14;24;6;9061
2017;9;39;2;16;25;11;14;6;2986
2017;9;39;3;13;7;11;14;6;2894
2017;9;39;3;14;7;11;14;6;2894
2017;9;39;3;15;7;14;18;6;2894
2017;9;39;7;12;24;15;10;6;9061
2017;9;40;3;18;25;11;14;6;14980
2017;9;40;4;15;12;11;14;6;1130
2017;9;40;6;13;25;1;3;6;5318
2017;9;40;6;17;23;11;14;6;794
2017;10;40;7;13;23;11;14;6;794
2017;10;41;1;17;12;14;24;6;584
2017;10;41;3;11;23;11;14;6;3365
2017;10;41;3;17;24;14;18;6;9061
2017;10;41;4;18;5;14;24;6;3822
2017;10;41;5;15;6;11;14;6;3655
2017;10;41;7;12;16;11;14;6;2709
2017;10;42;4;11;7;15;5;6;4370
2017;10;43;4;18;16;11;14;6;5255
2017;10;44;1;17;21;15;5;6;6964
2017;10;44;5;17;6;14;18;6;5273
2017;10;45;2;12;12;10;14;6;2343
2017;10;45;2;13;12;10;14;6;1653
2017;11;45;3;14;27;10;14;6;3148
2017;11;45;3;16;24;10;14;6;2483
2017;11;45;3;16;27;10;14;6;3148
2017;11;45;4;15;25;10;14;6;2763
2017;11;45;7;20;15;10;14;6;1659
2017;11;46;2;11;11;10;14;6;4831
2017;11;46;6;17;21;10;14;6;4277
2017;11;46;7;19;27;10;14;6;3148
2017;11;47;2;20;5;14;24;6;3822
2017;11;47;3;12;24;10;14;6;9061
2017;11;47;3;16;24;10;14;6;3485
2017;11;47;5;13;22;10;14;6;1438
2017;11;47;7;11;25;10;14;6;2763
2017;11;48;3;18;25;1;35;6;2763
2017;11;48;5;14;24;10;14;6;6633
2017;11;48;5;15;24;1;4;6;6633
2017;11;48;7;17;16;10;14;6;2709
2017;11;49;4;16;27;10;14;6;3150
2017;11;49;4;20;27;10;14;6;3150
2017;12;49;5;14;25;10;14;6;5756
2017;12;49;6;14;27;10;14;6;3150
2017;12;49;7;13;9;10;14;6;3991
2017;12;49;7;13;24;10;14;6;3492
2017;12;50;1;11;23;10;14;6;3382
2017;12;50;6;14;20;10;14;6;12422
2017;12;50;6;15;24;10;14;6;2483
2017;12;50;7;15;23;10;14;6;3382
2017;12;51;4;12;22;10;14;6;3391
2017;12;51;4;20;27;10;14;6;3160
2017;12;53;2;20;12;14;18;6;1214
2017;12;53;5;11;16;10;14;6;2717
2017;12;53;5;12;25;10;14;6;2791
2017;12;53;6;17;7;15;5;6;4030
2017;12;53;7;14;11;10;14;6;4284
2017;12;53;7;19;2;13;18;6;65336
2018;1;1;1;15;11;10;14;6;4284
2018;1;1;2;12;24;15;5;6;2998
2018;1;1;2;16;23;10;14;6;3402
2018;1;1;4;14;16;10;14;6;2717
2018;1;1;4;15;15;10;14;6;1666
2018;1;1;4;15;24;10;14;6;2484
2018;1;1;5;18;16;10;14;6;2717
2018;1;2;1;16;18;14;18;6;486
2018;1;2;2;18;24;10;14;6;2998
2018;1;2;3;13;15;10;14;6;377
2018;1;2;6;14;7;10;14;6;4430
2018;1;3;1;11;16;10;14;6;2597
2018;1;3;2;11;27;10;14;6;806
2018;1;3;2;13;23;10;14;6;3402
2018;1;3;4;14;16;10;14;6;3115
2018;1;3;4;16;9;3;13;6;4000
2018;1;3;6;17;25;10;14;6;2791
2018;1;4;3;19;24;10;14;6;1
2018;1;5;1;12;24;10;14;6;3050
2018;1;5;2;16;25;1;3;6;3024
2018;2;5;4;13;27;10;14;6;3169
2018;2;5;5;17;16;10;14;6;2732
2018;2;6;5;13;6;15;19;6;3764
2018;2;6;5;14;6;14;24;6;5330
2018;2;7;1;14;27;10;14;6;808
2018;2;7;3;16;27;10;14;6;3169
2018;2;7;3;19;27;10;14;6;3169
2018;2;7;4;13;5;15;10;6;3849
2018;2;7;7;11;2;11;41;6;69600
2018;2;8;2;17;16;3;13;6;20846
2018;2;8;3;14;5;10;14;6;915
2018;2;8;3;14;16;10;14;6;2732
2018;2;8;3;15;7;3;13;6;4438
2018;2;9;2;13;27;10;14;6;3169
2018;2;9;3;17;16;10;14;6;2732
2018;3;9;4;12;16;10;14;6;2732
2018;3;9;4;19;22;15;11;6;1460
2018;3;9;5;15;8;5;1;6;2437
2018;3;9;5;15;9;5;1;6;4007
2018;3;9;5;15;11;5;1;6;12467
2018;3;9;5;15;13;5;1;6;5101
2018;3;9;5;15;16;5;1;6;5733
2018;3;9;5;15;17;5;1;6;2731
2018;3;9;5;15;18;5;1;6;7620
2018;3;9;5;15;20;5;1;6;13587
2018;3;9;5;15;21;5;1;6;11406
2018;3;9;5;15;22;5;1;6;9064
2018;3;9;5;15;24;5;1;6;5583
2018;3;9;5;15;24;5;14;6;234
2018;3;9;5;15;27;5;1;6;3169
2018;3;9;7;12;6;15;11;6;5330
2018;3;10;1;12;6;10;14;6;1937
2018;3;10;2;20;22;10;14;6;1460
2018;3;10;3;13;18;10;14;6;489
2018;3;10;3;19;22;10;14;6;1460
2018;3;10;4;15;15;10;14;6;1671
2018;3;10;5;17;16;10;14;6;3128
2018;3;10;7;18;27;10;14;6;3176
2018;3;10;7;19;18;10;14;6;489
2018;3;11;6;14;27;10;14;6;3176
2018;3;12;1;15;17;10;14;6;1564
2018;3;12;1;16;11;5;1;6;3312
2018;3;12;1;16;13;5;1;6;1733
2018;3;12;1;16;17;5;1;6;386
2018;3;12;1;16;18;5;1;6;2945
2018;3;12;1;16;22;5;1;6;4210
2018;3;12;1;16;24;5;1;6;2768
2018;3;12;3;12;22;10;14;6;1460
2018;3;12;3;18;17;10;14;6;1564
2018;3;12;4;12;9;10;14;6;5171
2018;3;12;4;12;25;14;18;6;3031
2018;3;12;4;13;6;10;14;6;10
2018;3;12;5;20;18;10;14;6;4514
2018;3;12;6;11;13;10;14;6;2497
2018;3;13;2;16;16;10;14;6;2731
2018;3;13;4;13;27;10;14;6;3176
2018;3;13;5;15;16;10;14;6;2731
2018;3;13;5;16;16;10;14;6;2731
2018;3;13;5;16;17;14;24;6;1564
2018;4;13;7;16;6;10;14;6;3428
2018;4;14;2;11;25;10;14;6;2826
2018;4;14;4;11;5;14;24;6;5636
2018;4;14;5;16;17;10;14;6;1564
2018;4;14;7;11;18;10;14;6;5710
2018;4;15;1;17;16;10;14;6;2731
2018;4;15;2;13;27;10;14;6;3176
2018;4;15;2;15;27;14;24;6;15
2018;4;15;2;16;17;10;14;6;1564
2018;4;15;2;20;18;10;14;6;11227
2018;4;15;4;19;23;10;14;6;1517
2018;4;15;4;20;24;10;14;6;1
2018;4;15;5;14;27;10;14;6;3176
2018;4;16;3;12;15;10;14;6;379
2018;4;16;4;12;18;10;14;6;5710
2018;4;16;6;13;16;14;18;6;1808
2018;4;16;6;15;17;14;18;6;1564
2018;4;17;3;11;5;14;24;6;4465
2018;4;17;4;14;12;10;14;6;1146
2018;4;17;4;18;20;10;14;6;12467
2018;4;17;6;11;24;10;14;6;2534
2018;4;17;6;16;23;14;18;6;820
2018;4;18;1;11;27;10;14;6;3176
2018;5;18;3;13;25;14;24;6;3031
2018;5;18;4;11;27;10;14;6;3176
2018;5;18;5;16;17;10;14;6;1564
2018;5;18;6;11;24;14;43;6;1
2018;5;18;6;12;24;10;14;6;1
2018;5;18;6;16;24;1;3;6;1
2018;5;18;6;17;27;10;14;6;3176
2018;5;18;6;18;17;14;43;6;1564
2018;5;19;1;15;16;10;14;6;3128
2018;5;19;1;16;16;10;14;6;1808
2018;5;19;1;18;27;10;14;6;3176
2018;5;19;3;11;15;10;14;6;1671
2018;5;19;4;15;16;10;14;6;2731
2018;5;19;4;20;25;10;14;6;2826
2018;5;19;7;12;12;10;14;6;1081
2018;5;20;2;11;6;14;18;6;3735
2018;5;20;2;15;18;16;14;6;9055
2018;5;20;2;15;18;16;33;6;11264
2018;5;20;2;15;24;16;14;6;7135
2018;5;20;6;14;24;10;14;6;3082
2018;5;20;6;15;16;10;14;6;8027
2018;5;21;1;18;11;14;18;6;4876
2018;5;21;4;18;16;10;14;6;20951
2018;5;21;7;12;12;10;14;6;1081
2018;5;21;7;12;12;13;43;6;4627
2018;5;21;7;20;27;10;14;6;3169
2018;6;22;6;19;16;10;14;6;2617
2018;6;23;4;20;22;10;14;6;1464
2018;6;23;6;14;25;10;14;6;3026
2018;6;25;3;11;9;10;14;6;20951
2018;6;25;3;14;12;10;14;6;1081
2018;6;25;6;11;18;10;14;6;2241
2018;6;26;2;12;12;10;14;6;331
2018;6;26;3;12;16;10;14;6;2727
2018;6;26;4;11;13;10;14;6;1740
2018;6;26;4;13;18;10;14;6;1522
2018;7;26;7;12;17;10;14;6;1561
2018;7;27;1;12;12;10;14;6;257
2018;7;27;2;15;16;14;43;6;2617
2018;7;27;2;17;16;14;18;6;2617
2018;7;27;2;20;15;10;14;6;1806
2018;7;27;3;17;16;10;14;6;2617
2018;7;27;4;11;24;14;18;6;235
2018;7;27;6;11;5;10;14;6;5609
2018;7;28;1;14;17;10;14;6;389
2018;7;28;1;19;17;14;43;6;389
2018;7;28;2;16;27;10;14;6;3688
2018;7;28;2;18;24;10;14;6;3082
2018;7;28;3;15;10;10;14;6;3516
2018;7;28;3;16;10;10;14;6;7032
2018;7;28;5;15;17;10;14;6;389
2018;7;28;5;16;17;10;14;6;778
2018;7;28;6;14;23;10;14;6;3449
2018;7;28;6;14;27;10;14;6;3688
2018;7;29;2;16;5;11;24;6;5609
2018;7;29;6;17;9;10;14;6;4017
2018;7;29;6;19;27;15;45;6;3688
2018;7;29;7;11;22;1;3;6;1370
2018;7;30;1;20;27;10;14;6;3688
2018;7;30;2;15;24;14;18;6;740
2018;7;30;3;11;5;10;14;6;5609
2018;7;30;7;17;5;10;14;6;5609
2018;7;31;1;16;27;10;14;6;3688
2018;7;31;2;11;15;10;14;6;504
2018;8;32;2;15;25;10;14;6;3026
2018;8;32;4;17;12;14;24;6;1081
2018;8;32;5;12;15;14;24;6;1806
2018;8;32;6;11;15;14;43;6;1806
2018;8;32;7;11;17;10;14;6;389
2018;8;33;4;17;21;10;14;6;4354
2018;8;34;1;15;27;14;18;6;3688
2018;8;34;3;14;17;10;14;6;390
2018;8;35;1;13;17;14;18;6;391
2018;8;35;1;19;18;10;14;6;495
2018;8;35;1;20;16;14;43;6;2751
2018;8;35;3;19;25;10;14;6;2897
2018;9;35;7;14;16;14;18;6;2640
2018;9;35;7;15;24;10;14;6;3114
2018;9;35;7;16;24;14;24;6;3114
2018;9;35;7;18;27;15;45;6;3699
2018;9;36;1;16;25;14;18;6;5471
2018;9;36;1;19;25;3;26;6;2897
2018;9;36;3;15;9;16;1;6;4033
2018;9;36;3;15;13;16;1;6;3414
2018;9;36;3;15;17;16;1;6;786
2018;9;36;3;15;18;16;1;6;495
2018;9;36;3;15;22;16;1;6;1466
2018;9;36;4;15;17;10;14;6;1573
2018;9;37;5;14;24;10;14;6;3114
2018;9;37;5;15;7;3;13;6;2971
2018;9;37;6;14;6;10;14;6;4892
2018;9;37;6;20;23;10;14;6;1529
2018;9;38;3;12;27;14;18;6;20
2018;9;38;6;13;24;14;43;6;21
2018;9;38;7;13;18;10;14;6;496
2018;9;39;4;15;27;10;14;6;3721
2018;9;39;5;12;23;14;24;6;828
2018;9;39;6;12;27;10;14;6;5872
2018;9;39;7;12;27;10;14;6;3721
2018;9;39;7;15;27;10;14;6;3721
2018;10;40;3;12;27;15;45;6;3721
2018;10;40;4;16;27;15;45;6;3721
2018;10;40;4;19;27;10;14;6;3721
2018;10;40;5;11;24;14;43;6;3146
2018;10;40;7;11;27;10;14;6;3721
2018;10;40;7;12;2;1;22;6;66959
2018;10;40;7;12;13;1;22;6;5930
2018;10;40;7;12;27;10;14;6;3721
2018;10;40;7;13;5;14;28;6;914
2018;10;40;7;15;27;10;14;6;3721
2018;10;41;1;12;24;10;14;6;3146
2018;10;41;1;13;5;5;1;6;7820
2018;10;41;1;13;7;5;1;6;8662
2018;10;41;1;13;8;5;1;6;2450
2018;10;41;1;13;9;5;1;6;4035
2018;10;41;1;13;11;5;1;6;12551
2018;10;41;1;13;13;5;1;6;5166
2018;10;41;1;13;16;5;1;6;11053
2018;10;41;1;13;17;5;1;6;2760
2018;10;41;1;13;18;5;1;6;5251
2018;10;41;1;13;20;5;1;6;10626
2018;10;41;1;13;21;5;1;6;15339
2018;10;41;1;13;22;5;1;6;9234
2018;10;41;1;13;24;5;1;6;3546
2018;10;41;1;13;27;5;1;6;3721
2018;10;41;1;14;5;14;18;6;4311
2018;10;41;1;14;18;13;24;6;11443
2018;10;41;2;11;27;14;24;6;3721
2018;10;41;4;12;23;15;12;6;3482
2018;10;41;5;17;22;10;14;6;4296
2018;10;41;7;15;12;10;14;6;335
2018;10;42;1;14;27;10;14;6;3721
2018;10;42;4;14;12;15;45;6;335
2018;10;42;4;14;16;10;14;6;722
2018;10;42;4;15;11;5;21;6;3309
2018;10;43;2;18;27;14;16;6;3721
2018;10;43;3;16;24;14;28;6;2543
2018;10;43;3;17;18;13;24;6;11443
2018;10;43;4;12;20;10;14;6;5057
2018;10;43;5;12;27;10;14;6;3721
2018;10;43;6;11;1;5;1;6;13532
2018;10;43;6;11;2;5;1;6;103473
2018;10;43;6;11;5;5;1;6;7820
2018;10;43;6;11;7;5;1;6;8662
2018;10;43;6;11;8;5;1;6;2450
2018;10;43;6;11;9;5;1;6;4035
2018;10;43;6;11;11;5;1;6;12551
2018;10;43;6;11;13;5;1;6;5166
2018;10;43;6;11;16;5;1;6;10331
2018;10;43;6;11;17;5;1;6;2760
2018;10;43;6;11;18;5;1;6;11298
2018;10;43;6;11;20;5;1;6;12671
2018;10;43;6;11;21;5;1;6;15339
2018;10;43;6;11;24;5;1;6;6692
2018;10;43;6;11;27;5;1;6;3721
2018;10;43;6;11;27;15;12;6;3721
2018;10;43;6;12;27;5;1;6;15955
2018;10;43;7;11;5;14;24;6;3798
2018;10;44;1;14;18;10;14;6;946
2018;10;44;1;17;7;15;5;6;4517
2018;10;44;1;20;27;10;14;6;3721
2018;11;45;2;15;7;10;14;6;4517
2018;11;45;6;15;7;5;33;6;4517
2018;11;45;6;15;11;5;33;6;12551
2018;11;45;6;15;17;5;33;6;1578
2018;11;45;6;15;18;5;33;6;6823
2018;11;45;6;15;22;5;33;6;5769
2018;11;45;6;15;24;5;33;6;3313
2018;11;45;7;16;22;13;43;6;5843
2018;11;46;4;11;24;1;3;6;1
2018;11;46;4;13;27;10;14;6;3723
2018;11;46;4;14;24;10;14;6;3144
2018;11;46;5;11;27;10;14;6;3723
2018;11;46;5;20;25;10;14;6;5480
2018;11;46;7;14;1;5;14;6;4852
2018;11;46;7;14;18;5;14;6;1557
2018;11;47;2;15;15;3;13;6;382
2018;11;47;3;14;2;5;26;6;70376
2018;11;47;3;14;18;5;33;6;9326
2018;11;47;3;18;5;14;43;6;3797
2018;11;47;5;11;18;10;14;6;2252
2018;11;47;6;13;18;10;14;6;4288
2018;11;47;6;18;23;10;14;6;3482
2018;11;48;1;13;16;10;14;6;2754
2018;11;48;1;17;21;14;24;6;7134
2018;11;48;4;13;11;14;24;6;672
2018;11;48;5;13;21;10;14;6;4418
2018;12;48;7;16;12;10;14;6;2370
2018;12;49;1;19;25;14;18;6;5480
2018;12;49;4;14;25;14;24;6;3053
2018;12;49;7;11;18;10;14;6;5748
2018;12;49;7;14;6;14;18;6;4181
2018;12;49;7;16;6;14;18;6;4211
2018;12;50;1;11;12;10;14;6;2370
2018;12;50;2;15;27;10;14;6;3723
2018;12;50;2;16;5;14;28;6;4311
2018;12;50;7;18;24;10;14;6;2543
2018;12;51;4;15;18;10;14;6;2252
2018;12;51;5;13;23;10;14;6;3482
2018;12;51;6;15;25;10;14;6;2910
2018;12;52;3;19;25;14;24;6;2910
2018;12;52;5;14;27;15;45;6;3723
2018;12;53;1;13;5;14;43;6;914
2019;1;1;2;11;5;3;46;6;914
2019;1;1;2;12;5;3;46;6;914
2019;1;1;3;18;23;10;14;6;3482
2019;1;1;5;13;17;10;14;6;1578
2019;1;1;7;14;24;14;24;6;233
2019;1;1;7;16;26;14;18;6;2842
2019;1;2;1;14;25;10;14;6;5480
2019;1;2;3;12;16;10;14;6;2754
2019;1;2;3;12;27;10;14;6;3729
2019;1;2;3;18;27;10;14;6;20
2019;1;2;4;14;27;10;14;6;15955
2019;1;2;4;18;12;10;14;6;258
2019;1;2;5;14;27;10;14;6;15953
2019;1;2;6;18;5;10;14;6;914
2019;1;3;5;11;22;10;14;6;1473
2019;1;3;6;20;23;14;24;6;3482
2019;1;4;2;12;5;13;24;6;30415
2019;1;4;2;12;18;5;1;6;3809
2019;1;4;3;11;20;10;14;6;5057
2019;1;4;5;12;27;10;14;6;3197
2019;1;4;5;16;27;10;14;6;3197
2019;1;4;5;19;27;10;14;6;3197
2019;1;4;7;11;7;5;14;6;4517
2019;1;4;7;16;23;14;24;6;828
2019;1;5;1;14;20;13;24;6;12551
2019;1;5;1;15;6;14;43;6;1794
2019;1;5;1;15;27;14;18;6;20
2019;1;5;2;16;25;14;18;6;2910
2019;1;5;2;17;1;5;13;6;4073
2019;1;5;2;17;1;5;14;6;16480
2019;1;5;2;17;2;5;13;6;72369
2019;1;5;2;17;5;5;13;6;7821
2019;1;5;2;17;7;5;13;6;8662
2019;1;5;2;17;8;5;13;6;2450
2019;1;5;2;17;9;5;14;6;4035
2019;1;5;2;17;11;5;13;6;9242
2019;1;5;2;17;11;5;14;6;3309
2019;1;5;2;17;13;5;13;6;5166
2019;1;5;2;17;16;5;13;6;7211
2019;1;5;2;17;16;5;14;6;3120
2019;1;5;2;17;17;3;13;6;1578
2019;1;5;2;17;17;5;13;6;1182
2019;1;5;2;17;18;5;13;6;7769
2019;1;5;2;17;20;5;13;6;12671
2019;1;5;2;17;21;5;13;6;8205
2019;1;5;2;17;21;5;14;6;7168
2019;1;5;2;17;22;5;13;6;9234
2019;1;5;2;17;24;5;13;6;3525
2019;1;5;2;17;24;5;14;6;547
2019;1;5;2;17;27;5;14;6;6341
2019;2;5;6;16;25;10;14;6;2910
2019;2;6;1;11;25;10;14;6;3053
2019;2;6;4;16;16;1;3;6;2754
2019;2;7;1;15;13;15;45;6;2513
2019;2;7;1;16;13;15;45;6;2513
2019;2;7;2;13;11;15;5;6;4913
2019;2;7;3;19;5;14;24;6;5642
2019;2;8;1;18;16;14;24;6;2638
2019;2;8;6;15;18;10;14;6;5748
2019;2;8;6;20;18;10;14;6;1557
2019;2;8;7;14;23;10;14;6;828
2019;2;8;7;14;25;10;14;6;3053
2019;2;9;2;11;18;10;14;6;496
2019;2;9;2;14;11;10;14;6;4913
2019;2;9;2;16;22;10;14;6;1473
2019;2;9;3;11;22;10;14;6;1473
2019;2;9;3;12;22;10;14;6;1473
2019;2;9;3;13;22;10;14;6;1473
2019;2;9;3;15;16;14;24;6;3476
2019;2;9;3;16;16;14;24;6;2754
2019;2;9;4;18;16;13;24;6;1819
2019;2;9;4;18;16;14;24;6;3120
2019;2;9;4;19;16;13;24;6;2754
2019;3;9;5;14;15;14;24;6;1681
2019;3;9;5;15;15;3;13;6;514
2019;3;9;5;15;15;14;24;6;1681
2019;3;9;5;15;16;14;24;6;2754
2019;3;9;5;17;18;3;13;6;2252
2019;3;10;1;20;12;10;14;6;335
2019;3;10;4;16;16;14;24;6;3120
2019;3;11;1;14;21;10;14;6;4418
2019;3;11;3;16;16;10;14;6;2541
2019;3;11;4;12;26;14;24;6;2842
2019;3;11;5;11;24;10;33;6;3753
2019;3;11;5;16;24;14;24;6;2560
2019;3;11;6;13;27;15;45;6;20
2019;3;11;7;17;23;10;14;6;824
2019;3;12;2;13;24;10;14;6;2560
2019;3;12;2;15;15;3;13;6;1829
2019;3;12;2;16;22;1;3;6;1507
2019;3;12;2;17;22;10;14;6;8736
2019;3;12;2;19;15;10;14;6;381
2019;3;12;4;12;22;10;14;6;4368
2019;3;12;4;13;15;10;14;6;1829
2019;3;12;4;13;16;10;14;6;5326
2019;3;12;4;16;8;12;24;6;2479
2019;3;12;4;16;18;12;24;6;959
2019;3;12;4;17;12;14;18;6;1102
2019;3;12;5;11;25;14;24;6;5502
2019;3;12;6;11;27;14;24;6;3762
2019;3;12;7;15;16;13;43;6;4604
2019;3;12;7;15;18;14;43;6;2268
2019;3;13;3;17;7;10;14;6;4586
2019;3;13;4;17;16;10;14;6;21312
2019;3;13;6;12;16;13;24;6;4604
2019;3;13;7;20;22;14;24;6;1507
2019;4;14;1;15;13;14;24;6;914
2019;4;14;1;20;16;14;18;6;2782
2019;4;14;2;11;5;14;24;6;4366
2019;4;14;2;13;25;14;18;6;5502
2019;4;14;2;17;5;10;14;6;4366
2019;4;14;3;16;24;10;14;6;3196
2019;4;14;5;12;12;10;14;6;1102
2019;4;14;5;13;5;14;24;6;7610
2019;4;14;5;19;13;10;14;6;1762
2019;4;14;6;15;22;10;14;6;3504
2019;4;14;7;15;16;14;24;6;2782
2019;4;14;7;16;12;14;24;6;1102
2019;4;15;3;14;16;14;24;6;3132
2019;4;15;3;16;16;10;14;6;2782
2019;4;15;5;13;16;10;14;6;2650
2019;4;15;5;18;5;14;18;6;7885
2019;4;15;5;20;6;14;43;6;4362
2019;4;16;1;14;6;14;18;6;4362
2019;4;16;1;19;16;10;14;6;722
2019;4;16;2;13;22;1;3;6;4368
2019;4;17;1;11;12;14;24;6;2392
2019;4;17;1;13;15;10;14;6;1685
2019;4;17;1;14;15;14;24;6;1685
2019;4;17;1;19;12;14;24;6;335
2019;4;17;1;20;9;10;14;6;18920
2019;4;17;3;17;18;14;18;6;1254
2019;4;17;4;20;13;14;24;6;914
2019;4;17;7;11;16;10;14;6;2650
2019;4;17;7;14;9;10;14;6;21312
2019;4;18;2;18;24;14;24;6;3196
2019;5;18;3;13;24;14;24;6;3196
2019;5;18;5;12;23;10;14;6;3519
2019;5;18;5;14;5;14;18;6;4366
2019;5;18;6;15;24;10;14;6;760
2019;5;18;6;16;15;10;14;6;1829
2019;5;19;1;18;6;14;18;6;3904
2019;5;19;4;12;25;14;24;6;5502
2019;5;19;5;20;23;10;14;6;3519
2019;5;19;7;17;27;10;14;6;3771
2019;5;20;6;20;27;10;33;6;3786
2019;5;20;7;11;16;10;14;6;21399
2019;5;21;1;14;16;10;14;6;2790
2019;5;21;1;15;16;10;14;6;3137
2019;5;21;2;14;27;15;45;6;3786
2019;5;21;4;12;22;10;14;6;1518
2019;5;21;4;17;11;14;24;6;3054
2019;5;22;1;16;5;14;43;6;6064
2019;5;22;3;15;27;10;14;6;3786
2019;6;23;3;15;25;15;5;6;3110
2019;6;23;4;12;16;10;14;6;722
2019;6;23;5;12;8;10;14;6;2481
2019;6;23;5;16;13;10;14;6;2534
2019;6;23;5;16;13;14;24;6;2534
2019;6;23;5;16;25;14;24;6;3110
2019;6;24;2;11;15;14;24;6;1691
2019;6;24;3;15;23;10;14;6;3544
2019;6;24;7;13;16;14;24;6;2790
2019;6;25;4;17;5;14;18;6;7906
2019;6;25;5;11;13;10;14;6;1771
2019;6;25;5;12;5;10;14;6;6064
2019;6;25;5;12;16;10;14;6;722
2019;6;25;5;13;16;10;14;6;722
2019;6;25;6;13;5;10;14;6;31482
2019;6;25;6;13;16;10;14;6;722
2019;6;25;6;14;16;10;14;6;722
2019;6;25;6;14;20;10;14;6;1127
2019;6;25;6;16;20;14;18;6;1127
2019;6;25;6;17;5;3;46;6;62958
2019;6;25;6;17;20;14;24;6;1444
2019;6;26;3;17;18;14;18;6;961
2019;6;26;5;16;24;14;24;6;3218
2019;6;26;6;14;22;10;14;6;1518
2019;6;26;7;11;8;10;14;6;2481
2019;6;26;7;15;27;10;14;6;3786
2019;7;27;1;20;16;14;43;6;2789
2019;7;27;3;11;27;10;14;6;3786
2019;7;27;4;11;14;10;14;6;3549
2019;7;27;4;11;21;10;14;6;15362
2019;7;27;5;16;7;10;14;6;4219
2019;7;27;6;17;25;1;3;6;3110
2019;7;27;7;11;1;5;14;6;16296
2019;7;27;7;11;2;5;14;6;144555
2019;7;27;7;11;8;5;14;6;2481
2019;7;27;7;11;10;5;14;6;3549
2019;7;27;7;11;13;5;14;6;4305
2019;7;27;7;11;22;5;14;6;4409
2019;7;27;7;11;24;5;14;6;6583
2019;7;27;7;11;27;5;14;6;3786
2019;7;28;1;16;11;14;24;6;4979
2019;7;28;1;16;22;14;24;6;1518
2019;7;28;6;16;16;14;18;6;2790
2019;7;29;1;11;6;14;18;6;2430
2019;7;29;5;14;7;13;24;6;5254
2019;7;30;1;18;20;14;18;6;5109
2019;7;30;4;13;24;1;15;6;230
2019;7;30;7;17;17;10;14;6;400
2019;8;31;6;12;5;13;24;6;31487
2019;8;31;6;12;13;10;14;6;4305
2019;8;31;6;14;7;10;14;6;8833
2019;8;31;7;11;2;16;12;6;71862
2019;8;31;7;11;5;14;18;6;918
2019;8;31;7;11;13;10;14;6;6839
2019;8;32;2;16;16;10;14;6;1840
2019;8;32;3;11;8;5;1;6;2510
2019;8;32;3;11;9;5;1;6;4191
2019;8;32;3;11;10;10;14;6;3552
2019;8;32;3;11;13;5;1;6;4313
2019;8;32;3;11;16;5;1;6;2675
2019;8;32;3;11;17;5;1;6;798
2019;8;32;3;11;22;5;1;6;4426
2019;8;32;3;11;24;5;1;6;6599
2019;8;32;4;12;16;10;14;6;4659
2019;8;32;5;15;6;14;18;6;3690
2019;8;32;5;15;25;14;24;6;3105
2019;8;32;6;12;17;14;43;6;399
2019;8;33;1;13;16;14;24;6;693
2019;8;33;3;12;25;10;14;6;3109
2019;8;33;3;14;27;10;14;6;3780
2019;8;33;3;15;12;10;14;6;338
2019;8;33;3;20;11;10;14;6;3388
2019;8;33;4;11;10;10;14;6;3552
2019;8;33;5;16;25;14;24;6;2978
2019;8;34;5;11;12;10;14;6;259
2019;8;34;5;11;17;10;14;6;1573
2019;8;34;5;12;16;10;14;6;721
2019;8;34;5;13;16;14;18;6;3134
2019;8;34;6;11;17;10;14;6;399
2019;8;35;1;16;24;10;14;6;230
2019;8;35;2;12;7;10;14;6;5280
2019;8;35;3;11;16;10;14;6;4659
2019;8;35;3;11;23;1;3;6;3556
2019;8;35;4;11;5;10;14;6;7930
2019;8;35;5;12;20;14;43;6;5386
2019;8;35;6;12;5;14;43;6;10807
2019;9;35;7;11;15;10;14;6;1833
2019;9;36;2;19;25;14;24;6;3109
2019;9;36;5;17;23;10;14;6;1554
2019;9;36;7;12;17;10;14;6;399
2019;9;36;7;12;25;14;18;6;3110
2019;9;37;1;17;13;14;43;6;3162
2019;9;37;4;19;10;14;18;6;3552
2019;9;37;7;14;25;10;14;6;3110
2019;9;37;7;14;27;10;14;6;3791
2019;9;38;2;11;12;10;14;6;2138
2019;9;38;5;13;24;10;14;6;776
2019;9;38;5;14;13;10;14;6;1777
2019;9;38;6;19;22;10;14;6;1519
2019;9;39;1;11;24;1;3;6;2591
2019;9;39;1;14;22;10;14;6;1519
2019;9;39;7;13;18;10;14;6;1600
2019;9;39;7;17;5;15;5;6;7930
2019;10;40;3;16;16;14;24;6;2792
2019;10;40;5;15;6;14;24;6;3840
2019;10;40;5;16;12;10;14;6;259
2019;10;40;6;12;18;14;24;6;1600
2019;10;40;6;17;25;10;14;6;3110
2019;10;40;7;16;22;10;14;6;1519
2019;10;41;1;17;26;10;14;6;1776
2019;10;41;2;11;12;1;29;6;1226
2019;10;41;2;16;6;10;14;6;2028
2019;10;41;3;19;7;10;14;6;7634
2019;10;41;4;14;25;14;24;6;5539
2019;10;41;5;13;24;1;3;6;2
2019;10;42;1;13;18;10;14;6;1600
2019;10;42;2;14;13;10;14;6;925
2019;10;43;3;14;23;10;14;6;1554
2019;10;43;4;13;25;14;18;6;2978
2019;10;44;2;12;26;14;24;6;2882
2019;10;44;2;13;26;14;18;6;2882
2019;11;45;1;16;25;14;43;6;3110
2019;11;45;1;20;16;14;24;6;2675
2019;11;45;2;12;18;5;14;6;1600
2019;11;45;3;16;10;10;14;6;3552
2019;11;45;3;18;25;10;14;6;2979
2019;11;45;5;15;27;10;14;6;3805
2019;11;45;6;13;13;10;14;6;1777
2019;11;45;6;19;25;14;43;6;2979
2019;11;45;7;13;24;10;14;6;2592
2019;11;46;2;12;25;14;18;6;3109
2019;11;46;2;13;17;14;18;6;399
2019;11;46;3;13;16;14;24;6;3134
2019;11;46;3;17;5;12;24;6;6061
2019;11;46;4;13;25;14;24;6;3106
2019;11;46;7;20;7;14;43;6;4617
2019;11;47;1;15;5;10;14;6;6061
2019;11;47;1;15;24;14;18;6;2592
2019;11;47;2;12;25;14;18;6;3048
2019;11;47;2;13;15;14;43;6;1835
2019;11;47;2;13;24;14;43;6;2608
2019;11;47;5;13;22;13;24;6;5999
2019;11;47;5;18;25;3;13;6;2873
2019;11;47;5;19;18;3;13;6;8553
2019;11;48;4;18;18;3;46;6;5917
2019;11;48;6;15;18;14;18;6;4572
2019;11;48;6;19;24;10;14;6;2630
2019;12;49;1;11;6;14;18;6;5
2019;12;49;1;11;27;14;18;6;15
2019;12;49;1;19;24;10;14;6;3
2019;12;49;2;18;12;14;18;6;1111
2019;12;49;3;13;24;14;18;6;231
2019;12;49;3;14;7;10;14;6;3134
2019;12;49;3;18;27;15;12;6;7622
2019;12;49;3;20;27;15;12;6;3811
2019;12;49;4;17;27;10;14;6;3810
2019;12;49;5;14;16;14;24;6;726
2019;12;49;5;15;16;14;24;6;2797
2019;12;49;6;15;15;10;14;6;1836
2019;12;49;7;13;11;10;14;6;4377
2019;12;49;7;14;5;10;14;6;26964
2019;12;49;7;14;20;10;14;6;11180
2019;12;50;2;16;26;10;14;6;2895
2019;12;50;2;17;25;1;3;6;5510
2019;12;50;2;17;25;10;14;6;8552
2019;12;50;3;15;16;10;14;6;2793
2019;12;50;3;16;20;13;24;6;12594
2019;12;50;4;18;17;14;24;6;2794
2019;12;50;4;19;22;14;24;6;1527
2019;12;50;6;11;24;10;14;6;2629
2019;12;50;7;14;7;10;14;6;4687
2019;12;51;1;12;7;14;18;6;4688
2019;12;51;2;11;24;1;3;6;2630
2019;12;51;3;17;24;14;43;6;2630
2019;12;51;5;20;7;14;24;6;3134
2019;12;53;1;17;7;14;24;6;4688
2020;1;1;4;19;18;10;14;6;5908
2020;1;1;6;14;13;14;43;6;2553
2020;1;1;6;19;12;14;24;6;1215
2020;1;1;7;13;24;14;24;6;3357
2020;1;1;7;13;27;14;18;6;3821
2020;1;1;7;15;27;10;14;6;3821
2020;1;2;1;11;12;14;24;6;1224
2020;1;2;4;14;27;10;14;6;3844
2020;1;2;4;15;16;10;14;6;5923
2020;1;2;7;17;7;14;24;6;4286
2020;1;2;7;20;26;14;24;6;2921
2020;1;3;2;16;23;10;14;6;3739
2020;1;3;4;13;28;10;14;6;4256
2020;1;4;2;19;9;13;24;6;5406
2020;1;4;2;20;2;13;43;6;72630
2020;1;4;3;13;6;14;24;6;2232
2020;1;4;4;11;13;14;24;6;936
2020;1;4;6;16;25;10;14;6;3135
2020;1;4;6;16;25;14;18;6;5688
2020;1;4;6;18;11;14;18;6;4396
2020;1;4;7;15;21;10;14;6;3954
2020;1;5;1;15;4;10;14;6;3864
2020;1;5;3;19;18;10;14;6;1648
2020;1;5;3;19;23;10;14;6;3740
2020;1;5;4;15;15;10;14;6;1728
2020;1;5;4;19;13;14;18;6;936
2020;1;5;5;13;24;14;24;6;233
2020;1;5;5;15;23;14;24;6;3740
2020;2;6;4;11;9;10;33;6;4256
2020;2;6;6;15;15;10;14;6;1852
2020;2;7;2;13;5;10;14;6;6116
2020;2;7;2;19;5;14;24;6;6116
2020;2;7;4;15;8;14;24;6;2597
2020;2;7;5;15;23;14;24;6;3740
2020;2;8;3;11;16;10;14;6;2709
2020;2;8;4;12;25;10;14;6;3203
2020;2;8;4;14;16;10;14;6;9642
2020;2;8;5;11;10;14;24;6;3597
2020;2;8;5;13;16;14;24;6;2709
2020;2;9;1;15;24;10;14;6;2705
2020;2;9;2;11;12;15;10;6;1224
2020;2;9;2;12;20;10;14;6;4669
2020;2;9;2;17;20;14;24;6;1218
2020;2;9;3;18;24;14;24;6;3357
2020;2;9;4;12;21;13;24;6;4573
2020;2;9;4;15;20;10;14;6;4669
2020;2;9;5;11;16;10;14;6;4714
2020;2;9;5;12;27;10;14;6;3844
2020;2;9;5;15;24;10;14;6;3
2020;2;9;5;16;16;14;24;6;5893
2020;2;9;5;16;17;14;24;6;417
2020;3;9;7;15;27;10;14;6;3844
2020;3;9;7;17;24;10;14;6;2705
2020;3;10;6;13;25;14;18;6;3202
2020;3;11;1;20;7;15;5;6;4708
2020;3;11;3;15;16;3;26;6;2826
2020;3;11;3;15;16;10;14;6;2826
2020;3;11;3;17;16;10;14;6;2825
2020;3;11;4;14;7;10;14;6;3157
2020;3;11;4;14;16;3;26;6;3212
2020;3;11;4;15;10;14;24;6;3600
2020;3;11;5;11;16;10;14;6;8480
2020;3;11;7;15;24;14;24;6;3357
2020;3;12;1;17;6;15;5;6;2141
2020;3;12;3;11;24;10;14;6;3
2020;3;12;3;12;5;10;14;6;675
2020;3;12;3;14;11;10;14;6;4396
2020;3;12;3;18;23;10;14;6;3739
2020;3;12;5;16;7;10;14;6;4708
2020;3;13;3;11;22;14;24;6;4495
2020;3;13;5;18;22;13;43;6;6167
2020;3;13;6;16;23;14;24;6;3740
2020;3;13;7;17;16;14;24;6;5449
2020;4;14;6;12;12;14;18;6;2681
2020;4;14;6;13;12;14;18;6;257
2020;4;14;6;13;12;14;24;6;1204
2020;4;14;6;17;23;14;24;6;3740
2020;4;15;2;12;6;5;14;6;2141
2020;4;15;2;12;7;5;14;6;4708
2020;4;15;2;12;8;5;14;6;2597
2020;4;15;2;12;10;5;14;6;3598
2020;4;15;2;12;11;5;14;6;12853
2020;4;15;2;12;16;5;14;6;5923
2020;4;15;2;12;22;5;14;6;8089
2020;4;15;2;12;22;14;18;6;1544
2020;4;15;2;12;23;5;14;6;1568
2020;4;15;2;12;27;5;14;6;3844
2020;4;15;2;15;5;14;18;6;3687
2020;4;15;2;16;5;14;18;6;3687
2020;4;15;5;14;18;14;24;6;5975
2020;4;15;5;15;22;14;24;6;3593
2020;4;15;7;14;16;14;24;6;2826
2020;4;15;7;18;8;3;13;6;2597
2020;4;16;1;15;6;1;3;6;3005
2020;4;16;1;16;18;14;24;6;1648
2020;4;16;1;17;18;14;24;6;1648
2020;4;16;4;14;5;13;24;6;27103
2020;4;16;4;15;15;14;24;6;385
2020;4;16;4;15;16;14;24;6;8274
2020;4;16;7;11;15;10;14;6;385
2020;4;17;6;16;16;14;24;6;3214
2020;4;17;6;20;16;14;24;6;3212
2020;4;17;7;20;7;14;24;6;4286
2020;4;18;1;11;12;14;24;6;1224
2020;4;18;1;14;25;14;24;6;3202
2020;4;18;2;16;22;14;24;6;1544
2020;4;18;4;13;18;14;24;6;5976
2020;4;18;4;14;12;14;24;6;1203
2020;5;18;5;15;11;14;24;6;4396
2020;5;19;2;19;24;10;14;6;2705
2020;5;19;5;20;27;10;14;6;3843
2020;5;19;7;12;11;14;24;6;4396
2020;5;20;1;15;16;14;24;6;5449
2020;5;20;1;16;16;3;13;6;2826
2020;5;20;1;17;16;3;13;6;5449
2020;5;20;1;19;16;10;14;6;5449
2020;5;20;2;13;24;1;3;6;21
2020;5;20;3;16;15;14;18;6;1852
2020;5;20;5;17;25;14;24;6;3203
2020;5;20;7;11;25;14;24;6;3203
2020;5;21;2;20;18;10;14;6;1648
2020;5;21;4;18;24;14;24;6;3
2020;6;23;1;19;13;14;24;6;1788
2020;6;23;3;15;1;5;14;6;27614
2020;6;23;3;15;2;5;14;6;38772
2020;6;23;3;15;2;15;12;6;68572
2020;6;23;3;15;5;5;14;6;8122
2020;6;23;3;15;6;5;14;6;5174
2020;6;23;3;15;7;5;14;6;4779
2020;6;23;3;15;8;5;14;6;2614
2020;6;23;3;15;9;5;14;6;4273
2020;6;23;3;15;10;5;14;6;3609
2020;6;23;3;15;11;5;14;6;12943
2020;6;23;3;15;16;5;14;6;7781
2020;6;23;3;15;17;5;14;6;2390
2020;6;23;3;15;18;5;14;6;3960
2020;6;23;3;15;20;5;14;6;8770
2020;6;23;3;15;21;5;14;6;3953
2020;6;23;3;15;22;5;14;6;9633
2020;6;23;3;15;23;5;14;6;1569
2020;6;23;3;15;24;5;14;6;3589
2020;6;23;3;15;27;5;14;6;3887
2020;6;23;7;19;24;14;24;6;816
2020;6;24;5;13;18;14;24;6;294
2020;6;24;5;13;27;10;14;6;3898
2020;6;24;6;14;13;10;14;6;2592
2020;6;25;3;15;16;12;24;6;5476
2020;6;25;5;11;24;10;14;6;816
2020;6;25;6;14;7;14;18;6;4779
2020;6;26;4;15;25;10;14;6;3242
2020;7;27;6;15;10;10;14;6;3613
2020;7;27;6;20;16;10;14;6;5476
2020;7;27;7;12;24;14;24;6;816
2020;7;28;3;14;16;14;24;6;5656
2020;7;28;3;14;25;14;24;6;5691
2020;7;28;3;15;16;12;24;6;5475
2020;7;28;6;14;9;13;24;6;3613
2020;7;28;7;16;16;14;18;6;3219
2020;7;29;1;16;23;14;18;6;1577
2020;7;29;2;15;21;14;24;6;4617
2020;7;29;4;17;12;10;14;6;1235
2020;7;29;5;13;16;14;24;6;2725
2020;7;29;5;16;20;14;24;6;4722
2020;7;29;6;18;25;14;24;6;3238
2020;7;30;2;15;9;13;18;6;21926
2020;7;30;3;19;17;10;14;6;418
2020;7;30;3;20;17;10;14;6;418
2020;7;31;3;17;27;10;14;6;3897
2020;7;31;3;19;10;14;43;6;3613
2020;7;31;4;16;21;13;43;6;15923
2020;8;31;7;15;25;14;24;6;3244
2020;8;32;2;14;17;14;24;6;1595
2020;8;32;2;16;17;1;3;6;1595
2020;8;32;4;20;15;14;43;6;1857
2020;8;33;2;14;12;14;24;6;1232
2020;8;33;2;14;14;13;24;6;3613
2020;8;33;2;15;12;14;24;6;1211
2020;8;34;2;12;6;14;43;6;4148
2020;8;34;3;18;14;13;43;6;1810
2020;8;34;5;20;10;14;24;6;3614
2020;8;34;7;15;14;13;24;6;8540
2020;8;35;1;15;5;1;3;6;4555
2020;8;35;3;18;23;14;24;6;3777
2020;8;35;7;15;27;10;14;6;3885
2020;8;35;7;16;24;10;14;6;233
2020;8;35;7;17;12;1;3;6;257
2020;8;35;7;19;9;14;18;6;4277
2020;9;37;5;14;6;14;18;6;2171
2020;9;37;5;16;24;14;24;6;2715
2020;9;37;6;11;7;14;24;6;4790
2020;9;37;6;20;7;14;18;6;3171
2020;9;38;3;14;15;10;14;6;1856
2020;9;38;3;15;11;14;43;6;5103
2020;9;38;3;15;15;10;14;6;3713
2020;9;38;5;13;23;14;18;6;1578
2020;9;38;5;17;12;14;24;6;1134
2020;9;38;5;20;12;14;24;6;340
2020;9;38;6;12;23;14;18;6;2442
2020;9;38;6;12;23;14;24;6;6219
2020;9;39;2;12;20;14;24;6;4724
2020;9;39;2;13;1;13;24;6;21502
2020;9;39;3;13;24;14;24;6;815
2020;9;39;7;14;25;14;18;6;3254
2020;9;39;7;15;22;14;18;6;4530
2020;9;40;1;16;24;14;24;6;233
2020;9;40;1;17;5;14;18;6;3792
2020;9;40;2;11;23;14;24;6;3777
2020;10;40;4;16;16;10;14;6;2726
2020;10;40;5;12;8;10;14;6;2616
2020;10;40;6;12;5;15;5;6;4555
2020;10;40;6;16;26;14;43;6;1800
2020;10;41;2;14;26;14;2;6;2928
2020;10;41;6;14;24;10;14;6;230
2020;10;42;1;14;21;14;18;6;15932
2020;10;42;2;11;23;14;18;6;3777
2020;10;42;3;14;7;14;2;6;4352
2020;10;43;2;11;24;14;43;6;2715
2020;10;43;2;14;9;14;18;6;4280
2020;10;43;6;15;25;14;24;6;3242
2020;10;43;7;20;18;10;14;6;5847
2020;10;44;2;14;22;10;14;6;4532
2020;10;44;2;15;22;10;14;6;1559
2020;10;44;2;17;18;14;2;6;4103
2020;10;44;4;18;24;14;2;6;6141
2020;10;44;6;18;6;14;24;6;3920
2020;10;44;6;18;27;14;24;6;3901
2020;11;45;1;12;20;14;24;6;5329
2020;11;45;5;14;24;14;18;6;2730
2020;11;45;6;12;25;1;3;6;3272
2020;11;46;1;18;17;10;14;6;1604
2020;11;46;3;15;7;10;14;6;3186
2020;11;46;6;15;24;14;43;6;230
2020;11;46;7;11;7;14;2;6;3186
2020;11;47;2;12;20;14;24;6;25908
2020;11;47;2;13;20;14;24;6;25908
2020;11;47;3;14;25;14;24;6;9013
2020;11;47;7;12;27;14;18;6;3909
2020;11;48;1;20;24;14;24;6;820
2020;11;48;2;11;21;14;2;6;4644
2020;11;48;2;15;18;14;2;6;3157
2020;11;48;5;20;23;14;43;6;3859
2020;11;48;7;13;26;14;18;6;1819
2020;12;49;5;14;9;14;24;6;4279
2020;12;49;5;14;14;13;18;6;3615
2020;12;49;5;14;16;14;18;6;747
2020;12;49;5;15;16;14;43;6;2241
2020;12;50;2;17;16;14;2;6;3232
2020;12;50;3;14;16;14;2;6;3220
2020;12;50;3;14;24;14;2;6;2716
2020;12;50;3;17;8;14;24;6;1441
2020;12;50;3;17;17;14;24;6;1604
2020;12;50;3;17;18;14;24;6;1667
2020;12;50;3;18;5;14;24;6;938
2020;12;50;3;18;9;13;24;6;5454
2020;12;50;3;18;24;14;24;6;4
2020;12;50;3;20;13;14;24;6;940
2020;12;50;4;17;18;13;24;6;5841
2020;12;50;5;16;5;14;18;6;5444
2020;12;50;5;18;15;14;18;6;1856
2020;12;50;6;13;16;14;24;6;3233
2020;12;50;6;14;16;14;24;6;2836
2020;12;50;7;15;16;14;2;6;3233
2020;12;50;7;16;16;14;43;6;2837
2020;12;51;3;12;26;14;18;6;1820
2020;12;51;6;12;16;14;24;6;2730
2020;12;51;6;13;9;14;24;6;4279
2020;12;51;6;15;15;14;18;6;388
2020;12;52;2;20;17;14;18;6;1604
2020;12;52;3;12;12;14;43;6;1145
2020;12;52;3;13;16;14;18;6;2837
2020;12;52;4;14;16;14;18;6;747
2020;12;52;7;11;18;14;24;6;6043
2020;12;52;7;12;16;14;43;6;2837
2020;12;52;7;18;24;1;3;6;839
2020;12;53;2;18;20;14;18;6;13427
2020;12;53;3;16;20;13;24;6;12954
2020;12;53;3;17;6;14;18;6;3932
2020;12;53;3;18;22;14;18;6;1564
2020;12;53;3;20;20;14;18;6;7937
2020;12;53;4;15;16;14;18;6;747
2021;1;1;6;16;16;10;14;6;2837
2021;1;2;3;12;11;10;14;6;4417
2021;1;2;3;13;11;14;18;6;4417
2021;1;2;3;17;24;14;43;6;839
2021;1;2;3;18;5;14;18;6;4588
2021;1;2;4;16;5;14;43;6;4588
2021;1;2;5;16;25;14;2;6;3279
2021;1;3;1;15;6;14;43;6;3818
2021;1;3;2;19;24;10;14;6;438
2021;1;3;4;16;8;14;18;6;2625
2021;1;3;4;16;8;14;43;6;2625
2021;1;3;4;17;20;14;43;6;5358
2021;1;3;5;20;18;14;18;6;537
2021;1;3;7;14;11;14;43;6;4417
2021;1;4;2;15;25;14;2;6;3243
2021;1;4;2;20;18;14;24;6;1685
2021;1;5;1;11;22;14;43;6;1572
2021;1;5;1;16;25;14;2;6;5741
2021;1;5;4;20;8;14;43;6;5250
2021;1;5;5;15;8;14;24;6;2625
2021;1;5;7;13;6;14;18;6;2195
2021;1;5;7;19;18;14;18;6;6044
2021;2;6;1;13;25;14;2;6;2522
2021;2;6;2;12;17;14;2;6;418
2021;2;6;2;12;24;14;2;6;3490
2021;2;6;3;13;25;14;43;6;2523
2021;2;6;3;17;14;13;24;6;3630
2021;2;6;4;11;10;14;43;6;3629
2021;2;6;4;13;22;14;43;6;3710
2021;2;6;4;14;5;14;43;6;8230
2021;2;6;4;16;25;1;4;6;2523
2021;2;6;4;16;25;14;24;6;2523
2021;2;6;5;12;16;14;24;6;3237
2021;2;6;5;16;25;14;43;6;3267
2021;2;7;2;15;5;3;13;6;951
2021;2;7;2;15;8;10;14;6;2630
2021;2;7;2;17;21;3;26;6;16367
2021;2;7;3;20;1;13;18;6;21974
2021;2;7;4;18;25;1;4;6;2538
2021;2;7;7;13;25;1;4;6;2540
2021;2;8;1;12;25;14;43;6;2540
2021;2;8;6;16;24;14;24;6;412
2021;2;8;6;17;14;13;24;6;3630
2021;2;8;7;14;8;14;24;6;2630
2021;2;9;1;16;7;3;13;6;4864
2021;2;9;6;20;24;14;24;6;444
2021;2;9;7;11;8;14;2;6;2630
2021;2;9;7;11;23;14;2;6;1664
2021;2;9;7;13;25;14;43;6;3266
2021;2;9;7;19;16;14;18;6;747
2021;3;10;1;17;5;10;14;6;4600
2021;3;10;2;14;18;10;14;6;540
2021;3;10;3;15;24;10;14;6;444
2021;3;10;4;16;8;10;14;6;2635
2021;3;10;4;18;13;10;14;6;2595
2021;3;10;5;14;24;10;14;6;444
2021;3;11;1;14;16;14;43;6;6121
2021;3;11;1;20;18;10;14;6;1692
2021;3;11;3;17;5;15;10;6;8237
2021;3;11;5;13;5;3;13;6;27701
2021;3;11;5;14;18;3;26;6;2408
2021;3;11;5;14;20;3;13;6;10619
2021;3;11;5;15;11;3;13;6;4436
2021;3;11;6;12;5;3;13;6;952
2021;3;11;6;13;5;10;14;6;4610
2021;3;11;6;16;15;10;14;6;1872
2021;3;11;6;18;10;3;13;6;3647
2021;3;11;6;18;10;10;14;6;3647
2021;3;11;6;19;15;3;26;6;1870
2021;3;11;7;11;23;10;14;6;3955
2021;3;11;7;16;16;14;2;6;2735
2021;3;11;7;16;20;10;14;6;10618
2021;3;11;7;17;16;10;14;6;3248
2021;3;11;7;19;16;3;26;6;3248
2021;3;12;2;16;15;10;14;6;11447
2021;3;12;3;12;20;10;14;6;10618
2021;3;12;3;13;10;10;14;6;3645
2021;3;12;3;13;20;3;13;6;10608
2021;3;12;3;14;5;12;2;6;8237
2021;3;12;3;14;5;13;24;6;14612
2021;3;12;3;14;6;3;13;6;3974
2021;3;12;3;15;12;10;14;6;604
2021;3;12;3;15;16;10;14;6;5744
2021;3;12;3;19;9;3;13;6;5486
2021;3;12;4;12;16;10;14;6;3246
2021;3;12;4;13;20;3;13;6;10607
2021;3;12;4;17;25;10;14;6;3287
2021;3;13;1;15;16;14;43;6;2874
2021;3;13;1;15;20;10;14;6;3264
2021;3;13;2;16;16;10;14;6;746
2021;3;13;2;16;22;10;14;6;1590
2021;3;13;2;17;13;10;14;6;960
2021;3;13;2;18;20;10;14;6;10618
2021;3;13;5;19;15;3;13;6;1872
2021;3;13;6;13;16;14;43;6;2872
2021;3;14;1;11;7;1;35;6;1678
2021;3;14;1;20;24;10;14;6;461
2021;3;14;2;20;17;10;14;6;1626
2021;4;14;5;16;25;10;14;6;3288
2021;4;15;3;14;16;10;14;6;745
2021;4;15;5;13;27;10;14;6;3961
2021;4;16;1;11;25;10;14;6;2553
2021;4;16;3;14;25;14;2;6;11733
2021;4;16;5;14;24;10;14;6;3514
2021;4;16;5;16;12;10;14;6;257
2021;4;17;1;15;25;10;14;6;2554
2021;4;17;1;16;24;14;43;6;231
2021;4;17;3;18;20;14;18;6;5392
2021;4;17;5;16;11;10;14;6;4445
2021;4;17;5;19;24;10;14;6;401
2021;4;17;6;12;14;10;14;6;3654
2021;4;18;1;19;24;10;14;6;230
2021;4;18;2;13;7;10;14;6;4898
2021;4;18;2;14;15;14;24;6;3176
2021;4;18;2;14;16;10;14;6;5566
2021;4;18;2;18;5;10;14;6;7241
2021;4;18;3;16;25;10;14;6;2554
2021;4;18;5;13;20;10;14;6;5513
2021;5;18;6;18;12;10;14;6;348
2021;5;18;7;16;16;14;24;6;2876
2021;5;18;7;20;18;10;14;6;1702
2021;5;19;2;12;18;14;24;6;541
2021;5;19;4;16;15;10;14;6;389
2021;5;19;4;17;16;3;13;6;2874
2021;5;19;6;15;24;10;14;6;401
2021;5;20;1;12;12;3;46;6;258
2021;5;20;1;13;22;10;14;6;1600
2021;5;20;1;19;23;14;24;6;896
2021;5;20;2;16;24;10;14;6;402
2021;5;20;5;12;22;10;14;6;4623
2021;5;20;5;16;25;10;14;6;2557
2021;5;21;1;18;16;10;14;6;3246
2021;5;21;1;18;24;10;14;6;231
2021;5;21;2;14;18;10;14;6;1704
2021;5;21;4;19;24;10;14;6;231
2021;5;21;5;16;25;14;28;6;3329
2021;5;21;6;14;16;10;14;6;3247
2021;5;21;6;16;16;10;14;6;3247
2021;5;21;7;13;24;10;14;6;2210
2021;5;22;2;14;27;10;14;6;3954
2021;5;22;6;14;24;1;3;6;2843
2021;5;22;7;20;6;14;18;6;3975
2021;5;23;1;17;24;10;14;6;462
2021;6;23;2;11;16;10;14;6;2874
2021;6;23;2;15;24;10;14;6;402
2021;6;23;3;11;7;10;14;6;4903
2021;6;23;3;11;27;14;28;6;12
2021;6;23;5;11;5;14;18;6;950
2021;6;23;5;11;16;10;14;6;3247
2021;6;23;5;18;25;10;14;6;12574
2021;6;23;6;12;24;10;14;6;462
2021;6;23;7;14;16;10;14;6;3247
2021;6;23;7;15;5;10;14;6;4615
2021;6;24;1;13;24;10;14;6;462
2021;6;24;1;14;16;10;14;6;3247
2021;6;24;1;15;16;10;14;6;3247
2021;6;24;6;11;14;10;14;6;3666
2021;6;24;6;18;16;10;14;6;3247
2021;6;25;1;17;18;10;14;6;1706
2021;6;25;2;13;14;13;18;6;3666
2021;6;25;2;14;18;10;14;6;4865
2021;6;25;5;11;24;10;14;6;231
2021;6;25;5;14;1;5;1;6;24443
2021;6;25;5;14;2;13;2;6;40883
2021;6;25;5;14;2;16;18;6;78311
2021;6;25;5;14;5;5;1;6;4619
2021;6;25;5;14;6;5;1;6;6064
2021;6;25;5;14;7;5;1;6;9303
2021;6;25;5;14;9;5;1;6;4389
2021;6;25;5;14;10;5;1;6;3678
2021;6;25;5;14;11;5;1;6;13142
2021;6;25;5;14;13;5;1;6;4450
2021;6;25;5;14;18;5;1;6;4128
2021;6;25;5;14;20;5;1;6;10157
2021;6;25;5;14;21;5;1;6;17042
2021;6;25;5;14;22;5;1;6;9986
2021;6;25;5;14;23;5;1;6;5652
2021;6;25;5;14;24;5;1;6;8535
2021;6;25;5;15;4;5;1;6;16097
2021;6;25;5;15;7;5;1;6;9303
2021;6;25;6;14;18;13;43;6;6788
2021;6;26;2;16;18;10;14;6;3205
2021;6;26;5;16;16;3;13;6;2884
2021;7;27;6;16;13;10;14;6;1823
2021;7;27;7;12;7;14;18;6;4397
2021;7;28;1;15;24;1;4;6;231
2021;7;28;5;17;6;10;14;6;3841
2021;7;28;5;20;17;14;18;6;1637
2021;7;28;7;13;23;10;14;6;1694
2021;7;29;4;12;22;10;14;6;1603
2021;7;30;1;11;15;10;14;6;1885
2021;7;30;4;11;26;10;14;6;2994
2021;7;30;5;12;17;14;18;6;1645
2021;7;30;6;12;5;1;4;6;8289
2021;8;31;7;12;17;3;46;6;423
2021;8;31;7;14;17;3;46;6;1645
2021;8;32;1;13;17;14;43;6;422
2021;8;32;2;11;17;14;28;6;1644
2021;8;32;2;12;15;14;43;6;1866
2021;8;32;2;15;17;14;43;6;422
2021;8;32;3;11;16;13;43;6;4845
2021;8;32;3;12;7;13;18;6;2465
2021;8;32;4;14;17;14;18;6;1638
2021;8;32;4;20;17;12;18;6;1645
2021;8;32;7;19;25;10;14;6;3359
2021;8;33;1;11;15;10;14;6;389
2021;8;33;5;18;8;10;14;6;2639
2021;8;33;7;13;24;10;14;6;233
2021;8;34;1;11;16;1;3;6;3255
2021;8;34;1;18;12;15;10;6;1271
2021;8;34;5;14;23;3;46;6;1699
2021;8;34;5;15;15;14;18;6;391
2021;8;34;7;13;25;10;14;6;3374
2021;8;35;2;17;22;10;14;6;4678
2021;8;35;3;15;24;10;14;6;407
2021;8;35;6;16;6;10;14;6;3980
2021;8;35;7;15;16;10;14;6;2752
2021;9;36;3;13;13;10;14;6;7334
2021;9;36;4;11;22;10;14;6;1610
2021;9;36;4;16;25;14;43;6;3374
2021;9;36;6;15;16;14;43;6;2752
2021;9;36;7;14;24;15;10;6;233
2021;9;37;1;11;23;10;14;6;907
2021;9;37;2;17;9;14;43;6;4413
2021;9;37;5;15;22;10;14;6;918
2021;9;37;5;15;23;10;14;6;5748
2021;9;38;1;16;13;14;18;6;3245
2021;9;38;3;14;24;14;43;6;12
2021;9;38;3;16;23;10;14;6;4037
2021;9;38;5;17;7;14;43;6;4419
2021;9;38;6;12;22;10;14;6;1622
2021;9;38;6;17;25;14;43;6;21256
2021;9;39;3;18;11;14;43;6;5312
2021;9;39;5;11;17;14;43;6;423
2021;9;39;5;11;18;14;43;6;8692
2021;9;39;5;14;17;14;43;6;1657
2021;9;39;5;15;22;14;43;6;1622
2021;9;39;6;13;18;10;14;6;567
2021;9;39;6;18;5;3;46;6;34011
2021;9;39;6;18;11;14;2;6;7881
2021;9;39;6;18;18;14;2;6;2863
2021;9;39;6;18;23;14;2;6;1711
2021;9;39;6;19;25;14;43;6;3429
2021;9;40;1;11;16;14;18;6;2911
2021;9;40;3;14;7;10;14;6;3262
2021;9;40;3;14;16;10;14;6;2920
2021;10;40;5;17;16;10;14;6;6354
2021;10;41;1;15;24;10;14;6;67
2021;10;41;1;20;18;14;43;6;2826
2021;10;41;3;11;18;14;43;6;4302
2021;10;41;5;19;18;14;43;6;2863
2021;10;42;3;13;24;1;15;6;238
2021;10;42;7;14;16;14;18;6;2927
2021;10;42;7;14;16;14;43;6;2927
2021;10;42;7;14;22;15;5;6;1626
2021;10;42;7;15;16;14;43;6;757
2021;10;42;7;19;15;10;14;6;392
2021;10;43;1;14;15;14;18;6;2003
2021;10;43;1;14;15;14;43;6;1818
2021;10;43;1;15;26;14;18;6;3016
2021;10;43;1;16;11;10;14;6;3401
2021;10;43;1;16;16;13;18;6;4904
2021;10;43;1;16;26;3;13;6;4904
2021;10;43;2;12;18;10;14;6;12946
2021;10;43;2;13;10;10;14;6;3925
2021;10;43;2;13;24;10;14;6;468
2021;10;43;2;13;26;10;14;6;3012
2021;10;43;2;18;24;10;14;6;477
2021;10;43;3;14;15;10;14;6;185
2021;10;43;4;15;23;10;14;6;1714
2021;10;43;5;15;5;14;43;6;956
2021;10;43;5;15;20;10;14;6;3282
2021;10;43;5;19;21;14;43;6;8328
2021;10;43;5;20;23;10;14;6;4061
2021;10;43;6;16;16;14;43;6;757
2021;10;44;2;13;16;14;43;6;2802
2021;10;44;2;15;25;14;43;6;3509
2021;11;45;2;14;12;14;43;6;1202
2021;11;45;2;17;21;10;14;6;4736
2021;11;45;2;19;23;10;14;6;4062
2021;11;45;3;14;5;14;43;6;956
2021;11;45;5;14;22;10;14;6;4742
2021;11;45;7;11;6;14;43;6;2257
2021;11;46;2;13;7;10;14;6;4430
2021;11;46;6;12;12;10;14;6;1233
2021;11;47;1;13;6;14;43;6;4006
2021;11;47;2;16;24;10;14;6;3653
2021;11;48;4;13;9;10;14;6;3711
2021;11;48;5;13;5;14;24;6;920
2021;11;48;5;14;5;14;43;6;919
2021;11;48;5;14;20;14;43;6;3291
2021;11;48;5;14;22;14;43;6;3890
2021;11;48;5;15;5;14;24;6;24767
2021;11;48;6;18;8;10;14;6;2660
2021;11;48;7;14;8;14;43;6;2660
2021;11;49;1;14;25;1;3;6;865
2021;11;49;1;14;26;10;14;6;1883
2021;11;49;2;16;7;3;13;6;4430
2021;11;49;2;16;15;3;13;6;392
2021;12;49;3;11;9;14;43;6;4424
2021;12;49;5;20;7;14;43;6;4430
2021;12;49;6;14;25;14;18;6;3443
2021;12;49;6;14;25;14;43;6;3176
2021;12;49;7;11;5;14;18;6;8386
2021;12;49;7;13;5;14;43;6;7262
2021;12;49;7;15;24;14;43;6;3655
2021;12;50;1;14;16;12;18;6;1907
2021;12;50;2;15;18;10;14;6;1250
2021;12;50;3;13;18;14;28;6;1250
2021;12;50;4;11;25;10;14;6;3501
2021;12;50;4;16;8;10;14;6;2656
2021;12;50;5;11;23;10;14;6;1714
2021;12;50;7;12;18;14;43;6;5044
2021;12;50;7;15;6;1;3;6;3783
2021;12;51;1;11;20;14;43;6;4840
2021;12;51;3;12;6;10;14;6;4012
2021;12;51;3;13;6;14;18;6;4011
2021;12;51;3;14;18;10;14;6;4321
2021;12;51;3;15;25;15;10;6;3500
2021;12;51;5;11;6;14;43;6;1540
2021;12;51;5;11;20;14;43;6;7318
2021;12;51;5;18;7;14;18;6;3271
2021;12;52;1;16;18;10;14;6;13015
2021;12;52;2;14;12;14;43;6;1204
2021;12;52;4;14;24;10;14;6;480
2021;12;52;4;16;23;3;26;6;923
2021;12;52;6;12;24;10;14;6;239
2021;12;52;6;14;25;10;14;6;3501
2021;12;52;6;15;18;14;24;6;5045
2021;12;52;6;15;24;1;3;6;480
2021;12;52;6;15;25;1;3;6;2667
2021;12;52;6;16;6;10;14;6;4012
2021;12;52;6;16;24;10;14;6;2892
2021;12;53;3;11;14;13;43;6;3698
2022;1;1;6;19;24;10;14;6;3587
2022;1;1;7;11;18;10;14;6;572
2022;1;1;7;14;22;10;14;6;1629
2022;1;2;2;17;9;14;43;6;4423
2022;1;2;4;13;24;14;18;6;2894
2022;1;2;4;15;24;14;18;6;239
2022;1;3;5;12;22;14;18;6;4752
2022;1;4;1;12;18;14;43;6;572
2022;1;4;2;15;24;14;43;6;238
2022;1;4;6;20;13;14;18;6;3262
2022;1;5;3;11;26;14;43;6;3000
2022;1;5;3;15;6;14;43;6;3914
2022;1;5;4;12;20;10;14;6;5565
2022;1;5;6;11;14;12;43;6;3707
2022;1;5;6;16;24;14;18;6;3671
2022;1;5;7;18;24;10;14;6;469
2022;1;6;1;13;20;10;14;6;13253
2022;2;6;2;15;18;10;14;6;6279
2022;2;6;4;14;23;10;14;6;1714
2022;2;6;5;13;18;10;14;6;6279
2022;2;6;5;16;16;14;43;6;2938
2022;2;6;6;11;17;10;14;6;1664
2022;2;7;2;14;24;10;14;6;239
2022;2;7;3;16;5;10;14;6;5512
2022;2;7;4;17;23;10;14;6;1714
2022;2;7;5;20;18;10;14;6;2811
2022;2;7;6;14;24;10;14;6;3672
2022;2;7;7;16;22;14;18;6;1628
2022;2;7;7;17;16;14;43;6;753
2022;2;8;3;14;17;10;14;6;2522
2022;2;8;4;14;15;10;14;6;395
2022;2;8;5;12;15;10;14;6;2224
2022;2;9;1;15;23;10;14;6;4088
2022;2;9;1;17;5;14;43;6;5512
2022;2;9;1;20;5;14;24;6;5502
2022;2;9;1;20;16;14;43;6;3284
2022;2;9;6;15;18;10;14;6;9959
2022;2;9;7;20;20;10;14;6;3301
2022;3;10;2;11;24;10;14;6;3678
2022;3;10;2;14;7;13;2;6;2928
2022;3;10;3;14;16;14;43;6;2939
2022;3;10;3;16;26;10;14;6;3017
2022;3;10;3;20;12;10;14;6;360
2022;3;10;4;18;18;10;14;6;1790
2022;3;10;5;15;10;10;14;6;3528
2022;3;10;5;16;7;10;14;6;2939
2022;3;10;5;16;22;3;13;6;4785
2022;3;10;5;17;22;3;13;6;3917
2022;3;10;5;18;22;10;14;6;1641
2022;3;10;5;18;25;3;13;6;3508
2022;3;10;5;19;18;14;18;6;1596
2022;3;10;6;16;5;10;14;6;3157
2022;3;10;7;16;7;10;14;6;2942
2022;3;11;2;11;24;15;10;6;471
2022;3;11;4;14;15;14;43;6;1903
2022;3;11;5;17;24;14;43;6;3358
2022;3;11;6;12;7;10;14;6;3295
2022;3;11;6;15;18;3;13;6;1047
2022;3;11;6;16;12;10;14;6;619
2022;3;11;6;16;12;14;18;6;1216
2022;3;11;6;16;18;10;14;6;6
2022;3;11;7;16;13;3;13;6;2994
2022;3;11;7;16;13;3;46;6;978
2022;3;11;7;16;18;3;13;6;2840
2022;3;11;7;16;18;15;10;6;1283
2022;3;11;7;18;13;3;13;6;1913
2022;3;12;1;13;26;10;14;6;1910
2022;3;12;2;14;6;3;13;6;4053
2022;3;12;2;15;5;3;13;6;4720
2022;3;12;2;17;5;14;28;6;4450
2022;3;12;2;18;6;3;13;6;3391
2022;3;12;2;18;10;10;14;6;3529
2022;3;12;2;20;6;14;28;6;3391
2022;3;12;3;12;24;10;14;6;21
2022;3;12;3;14;16;10;14;6;5888
2022;3;12;3;15;24;14;18;6;22
2022;3;12;3;17;14;10;14;6;9676
2022;3;12;3;17;18;3;13;6;6216
2022;3;12;3;17;18;14;43;6;941
2022;3;12;4;14;11;10;14;6;4521
2022;3;12;4;16;5;14;43;6;8452
2022;3;12;4;16;15;14;43;6;393
2022;3;12;4;17;18;14;43;6;572
2022;3;12;5;14;15;14;16;6;370
2022;3;12;5;14;16;14;43;6;3285
2022;3;12;6;15;15;14;16;6;1895
2022;3;12;6;16;15;10;14;6;397
2022;3;12;6;16;21;10;14;6;10344
2022;3;12;6;16;22;10;14;6;6759
2022;3;13;1;14;25;10;14;6;3510
2022;3;13;4;17;16;14;18;6;3283
2022;3;14;3;14;16;14;43;6;6225
2022;3;14;3;15;10;3;13;6;3711
2022;3;14;3;15;10;14;43;6;3711
2022;3;14;3;16;10;10;14;6;3711
2022;3;14;4;14;21;14;24;6;1798
2022;4;14;5;14;16;14;43;6;3288
2022;4;14;5;15;16;14;43;6;2942
2022;4;15;1;14;21;14;43;6;8451
2022;4;15;2;11;11;14;43;6;5409
2022;4;15;2;13;18;10;14;6;6340
2022;4;15;2;16;18;14;43;6;13148
2022;4;15;3;14;24;14;43;6;3679
2022;4;15;4;11;18;14;43;6;5055
2022;4;15;4;17;24;1;4;6;239
2022;4;15;7;13;24;10;14;6;2920
2022;4;15;7;14;25;1;3;6;6075
2022;4;15;7;19;18;1;35;6;1046
2022;4;16;3;16;18;14;43;6;5083
2022;4;16;5;17;17;10;14;6;843
2022;4;17;1;14;7;10;14;6;7777
2022;4;17;1;16;16;14;43;6;2569
2022;4;17;3;15;23;14;43;6;4114
2022;4;17;4;15;5;14;43;6;968
2022;4;17;4;18;6;5;1;6;4818
2022;4;17;4;18;9;5;1;6;4456
2022;4;17;4;18;10;5;1;6;3740
2022;4;17;4;18;11;5;1;6;5411
2022;4;17;4;18;18;5;1;6;4339
2022;4;17;4;18;20;5;1;6;5583
2022;4;17;4;18;21;5;1;6;4182
2022;4;17;4;18;22;5;1;6;4761
2022;4;17;4;18;24;5;1;6;3920
2022;4;17;5;16;22;14;43;6;1800
2022;4;17;6;19;24;15;5;6;239
2022;4;17;7;11;15;14;43;6;1903
2022;4;18;1;11;24;1;29;6;2920
2022;4;18;3;15;15;14;2;6;1903
2022;4;18;3;16;24;14;2;6;2917
2022;4;18;5;12;24;14;2;6;5840
2022;4;18;5;19;24;14;43;6;2920
2022;4;18;6;11;23;14;2;6;4114
2022;4;18;6;14;11;1;3;6;3439
2022;5;18;7;20;11;10;14;6;4519
2022;5;18;7;20;11;14;18;6;4519
2022;5;19;1;15;25;14;43;6;3521
2022;5;19;3;15;11;14;24;6;5405
